"future","playerID","firstName","lastName","name","team","logo","playerURL","fanduel_odds","fanduel_line","fanduel_mult","fanduel_winPct","fanduel_win","fanduel_odds_under","fanduel_mult_under","fanduel_win_under","thescore_odds","thescore_line","thescore_mult","thescore_winPct","thescore_win","thescore_odds_under","thescore_mult_under","thescore_win_under","betr_odds","betr_line","betr_mult","betr_winPct","betr_win","betr_odds_under","betr_mult_under","betr_win_under","draftkings_odds","draftkings_line","draftkings_mult","draftkings_winPct","draftkings_win","draftkings_odds_under","draftkings_mult_under","draftkings_win_under","mgm_odds","mgm_line","mgm_mult","mgm_winPct","mgm_win","mgm_odds_under","mgm_mult_under","mgm_win_under","betrivers_odds","betrivers_line","betrivers_mult","betrivers_winPct","betrivers_win","betrivers_odds_under","betrivers_mult_under","betrivers_win_under","caesars_odds","caesars_line","caesars_mult","caesars_winPct","caesars_win","caesars_odds_under","caesars_mult_under","caesars_win_under","hardrock_odds","hardrock_line","hardrock_mult","hardrock_winPct","hardrock_win","hardrock_odds_under","hardrock_mult_under","hardrock_win_under","circasports_odds","circasports_line","circasports_mult","circasports_winPct","circasports_win","circasports_odds_under","circasports_mult_under","circasports_win_under","best_oddsBook","best_odds","best_line","best_mult","best_winPct","best_win","date"
"Sixth Man","6289","Ajay","Mitchell","Ajay Mitchell","OKC","https://assets.rotowire.com/images/teamlogo/basketball/100OKC.png?v=10","/betting/nba/player/ajay-mitchell-odds-6289","500","0.0",5,"9.9","100.00",NA,NA,NA,"700","0.0",7,"50.1","140.00",NA,NA,NA,NA,NA,NA,NA,NA,NA,NA,NA,NA,NA,NA,NA,NA,NA,NA,NA,NA,NA,NA,NA,NA,NA,NA,NA,NA,NA,NA,NA,NA,NA,NA,NA,NA,NA,NA,NA,NA,NA,NA,NA,NA,NA,NA,NA,NA,NA,NA,NA,NA,NA,NA,NA,NA,NA,NA,NA,"thescore","700","0.0",7,NA,"140.00",2026-09-24
"Sixth Man","6549","Dylan","Harper","Dylan Harper","SAS","https://assets.rotowire.com/images/teamlogo/basketball/100SAS.png?v=10","/betting/nba/player/dylan-harper-odds-6549","700","0.0",7,"7.4","140.00",NA,NA,NA,NA,NA,NA,NA,NA,NA,NA,NA,NA,NA,NA,NA,NA,NA,NA,NA,NA,NA,NA,NA,NA,NA,NA,NA,NA,NA,NA,NA,NA,NA,NA,NA,NA,NA,NA,NA,NA,NA,NA,NA,"900","0.0",9,"41.8","180.00",NA,NA,NA,NA,NA,NA,NA,NA,NA,NA,NA,NA,NA,NA,NA,NA,NA,NA,NA,"caesars","900","0.0",9,NA,"180.00",2026-09-24
"Sixth Man","5337","Ayo","Dosunmu","Ayo Dosunmu","MIN","https://assets.rotowire.com/images/teamlogo/basketball/100MIN.png?v=10","/betting/nba/player/ayo-dosunmu-odds-5337","1500","0.0",15,"3.7","300.00",NA,NA,NA,NA,NA,NA,NA,NA,NA,NA,NA,NA,NA,NA,NA,NA,NA,NA,NA,NA,NA,NA,NA,NA,NA,NA,NA,NA,NA,NA,NA,NA,NA,NA,NA,NA,NA,NA,NA,NA,NA,NA,NA,NA,NA,NA,NA,NA,NA,NA,NA,NA,NA,NA,NA,NA,NA,NA,NA,NA,NA,NA,NA,NA,NA,NA,NA,"fanduel","1500","0.0",15,NA,"300.00",2026-09-24
"Sixth Man","4373","Anfernee","Simons","Anfernee Simons","PHI","https://assets.rotowire.com/images/teamlogo/basketball/100PHI.png?v=10","/betting/nba/player/anfernee-simons-odds-4373","1500","0.0",15,"3.7","300.00",NA,NA,NA,NA,NA,NA,NA,NA,NA,NA,NA,NA,NA,NA,NA,NA,NA,NA,NA,NA,NA,NA,NA,NA,NA,NA,NA,NA,NA,NA,NA,NA,NA,NA,NA,NA,NA,NA,NA,NA,NA,NA,NA,"1200","0.0",12,"32.1","240.00",NA,NA,NA,NA,NA,NA,NA,NA,NA,NA,NA,NA,NA,NA,NA,NA,NA,NA,NA,"fanduel","1500","0.0",15,NA,"300.00",2026-09-24
"Sixth Man","3019","DeMar","DeRozan","DeMar DeRozan","DEN","https://assets.rotowire.com/images/teamlogo/basketball/100DEN.png?v=10","/betting/nba/player/demar-derozan-odds-3019","1800","0.0",18,"3.1","360.00",NA,NA,NA,"1200","0.0",12,"30.8","240.00",NA,NA,NA,NA,NA,NA,NA,NA,NA,NA,NA,NA,NA,NA,NA,NA,NA,NA,NA,NA,NA,NA,NA,NA,NA,NA,NA,NA,NA,NA,NA,NA,NA,NA,NA,NA,NA,NA,NA,NA,NA,NA,NA,NA,NA,NA,NA,NA,NA,NA,NA,NA,NA,NA,NA,NA,NA,NA,NA,"fanduel","1800","0.0",18,NA,"360.00",2026-09-24
"Sixth Man","5910","Anthony","Black","Anthony Black","ORL","https://assets.rotowire.com/images/teamlogo/basketball/100ORL.png?v=10","/betting/nba/player/anthony-black-odds-5910","2000","0.0",20,"2.8","400.00",NA,NA,NA,NA,NA,NA,NA,NA,NA,NA,NA,NA,NA,NA,NA,NA,NA,NA,NA,NA,NA,NA,NA,NA,NA,NA,NA,NA,NA,NA,NA,NA,NA,NA,NA,NA,NA,NA,NA,NA,NA,NA,NA,"1500","0.0",15,"26.1","300.00",NA,NA,NA,NA,NA,NA,NA,NA,NA,NA,NA,NA,NA,NA,NA,NA,NA,NA,NA,"fanduel","2000","0.0",20,NA,"400.00",2026-09-24
"Sixth Man","5131","Payton","Pritchard","Payton Pritchard","BOS","https://assets.rotowire.com/images/teamlogo/basketball/100BOS.png?v=10","/betting/nba/player/payton-pritchard-odds-5131","2000","0.0",20,"2.8","400.00",NA,NA,NA,NA,NA,NA,NA,NA,NA,NA,NA,NA,NA,NA,NA,NA,NA,NA,NA,NA,NA,NA,NA,NA,NA,NA,NA,NA,NA,NA,NA,NA,NA,NA,NA,NA,NA,NA,NA,NA,NA,NA,NA,NA,NA,NA,NA,NA,NA,NA,NA,NA,NA,NA,NA,NA,NA,NA,NA,NA,NA,NA,NA,NA,NA,NA,NA,"fanduel","2000","0.0",20,NA,"400.00",2026-09-24
"Sixth Man","3304","Damian","Lillard","Damian Lillard","POR","https://assets.rotowire.com/images/teamlogo/basketball/100POR.png?v=10","/betting/nba/player/damian-lillard-odds-3304","2500","0.0",25,"2.3","500.00",NA,NA,NA,NA,NA,NA,NA,NA,NA,NA,NA,NA,NA,NA,NA,NA,NA,NA,NA,NA,NA,NA,NA,NA,NA,NA,NA,NA,NA,NA,NA,NA,NA,NA,NA,NA,NA,NA,NA,NA,NA,NA,NA,NA,NA,NA,NA,NA,NA,NA,NA,NA,NA,NA,NA,NA,NA,NA,NA,NA,NA,NA,NA,NA,NA,NA,NA,"fanduel","2500","0.0",25,NA,"500.00",2026-09-24
"Sixth Man","6257","Reed","Sheppard","Reed Sheppard","HOU","https://assets.rotowire.com/images/teamlogo/basketball/100HOU.png?v=10","/betting/nba/player/reed-sheppard-odds-6257","2700","0.0",27,"2.1","540.00",NA,NA,NA,NA,NA,NA,NA,NA,NA,NA,NA,NA,NA,NA,NA,NA,NA,NA,NA,NA,NA,NA,NA,NA,NA,NA,NA,NA,NA,NA,NA,NA,NA,NA,NA,NA,NA,NA,NA,NA,NA,NA,NA,NA,NA,NA,NA,NA,NA,NA,NA,NA,NA,NA,NA,NA,NA,NA,NA,NA,NA,NA,NA,NA,NA,NA,NA,"fanduel","2700","0.0",27,NA,"540.00",2026-09-24
"Sixth Man","6551","Ace","Bailey","Ace Bailey","UTA","https://assets.rotowire.com/images/teamlogo/basketball/100UTA.png?v=10","/betting/nba/player/ace-bailey-odds-6551","3000","0.0",30,"1.9","600.00",NA,NA,NA,NA,NA,NA,NA,NA,NA,NA,NA,NA,NA,NA,NA,NA,NA,NA,NA,NA,NA,NA,NA,NA,NA,NA,NA,NA,NA,NA,NA,NA,NA,NA,NA,NA,NA,NA,NA,NA,NA,NA,NA,NA,NA,NA,NA,NA,NA,NA,NA,NA,NA,NA,NA,NA,NA,NA,NA,NA,NA,NA,NA,NA,NA,NA,NA,"fanduel","3000","0.0",30,NA,"600.00",2026-09-24
"Sixth Man","5291","Isaiah","Joe","Isaiah Joe","DET","https://assets.rotowire.com/images/teamlogo/basketball/100DET.png?v=10","/betting/nba/player/isaiah-joe-odds-5291","3000","0.0",30,"1.9","600.00",NA,NA,NA,NA,NA,NA,NA,NA,NA,NA,NA,NA,NA,NA,NA,NA,NA,NA,NA,NA,NA,NA,NA,NA,NA,NA,NA,NA,NA,NA,NA,NA,NA,NA,NA,NA,NA,NA,NA,NA,NA,NA,NA,NA,NA,NA,NA,NA,NA,NA,NA,NA,NA,NA,NA,NA,NA,NA,NA,NA,NA,NA,NA,NA,NA,NA,NA,"fanduel","3000","0.0",30,NA,"600.00",2026-09-24
"Sixth Man","4412","Collin","Sexton","Collin Sexton","LAL","https://assets.rotowire.com/images/teamlogo/basketball/100LAL.png?v=10","/betting/nba/player/collin-sexton-odds-4412","3000","0.0",30,"1.9","600.00",NA,NA,NA,NA,NA,NA,NA,NA,NA,NA,NA,NA,NA,NA,NA,NA,NA,NA,NA,NA,NA,NA,NA,NA,NA,NA,NA,NA,NA,NA,NA,NA,NA,NA,NA,NA,NA,NA,NA,NA,NA,NA,NA,NA,NA,NA,NA,NA,NA,NA,NA,NA,NA,NA,NA,NA,NA,NA,NA,NA,NA,NA,NA,NA,NA,NA,NA,"fanduel","3000","0.0",30,NA,"600.00",2026-09-24
"Sixth Man","4454","Grayson","Allen","Grayson Allen","CHA","https://assets.rotowire.com/images/teamlogo/basketball/100CHA.png?v=10","/betting/nba/player/grayson-allen-odds-4454","4000","0.0",40,"1.4","800.00",NA,NA,NA,NA,NA,NA,NA,NA,NA,NA,NA,NA,NA,NA,NA,NA,NA,NA,NA,NA,NA,NA,NA,NA,NA,NA,NA,NA,NA,NA,NA,NA,NA,NA,NA,NA,NA,NA,NA,NA,NA,NA,NA,NA,NA,NA,NA,NA,NA,NA,NA,NA,NA,NA,NA,NA,NA,NA,NA,NA,NA,NA,NA,NA,NA,NA,NA,"fanduel","4000","0.0",40,NA,"800.00",2026-09-24
"Sixth Man","3459","Tim","Hardaway","Tim Hardaway","MIA","https://assets.rotowire.com/images/teamlogo/basketball/100MIA.png?v=10","/betting/nba/player/tim-hardaway-odds-3459","4000","0.0",40,"1.4","800.00",NA,NA,NA,NA,NA,NA,NA,NA,NA,NA,NA,NA,NA,NA,NA,NA,NA,NA,NA,NA,NA,NA,NA,NA,NA,NA,NA,NA,NA,NA,NA,NA,NA,NA,NA,NA,NA,NA,NA,NA,NA,NA,NA,NA,NA,NA,NA,NA,NA,NA,NA,NA,NA,NA,NA,NA,NA,NA,NA,NA,NA,NA,NA,NA,NA,NA,NA,"fanduel","4000","0.0",40,NA,"800.00",2026-09-24
"Sixth Man","5377","Scoot","Henderson","Scoot Henderson","POR","https://assets.rotowire.com/images/teamlogo/basketball/100POR.png?v=10","/betting/nba/player/scoot-henderson-odds-5377","4000","0.0",40,"1.4","800.00",NA,NA,NA,NA,NA,NA,NA,NA,NA,NA,NA,NA,NA,NA,NA,NA,NA,NA,NA,NA,NA,NA,NA,NA,NA,NA,NA,NA,NA,NA,NA,NA,NA,NA,NA,NA,NA,NA,NA,NA,NA,NA,NA,NA,NA,NA,NA,NA,NA,NA,NA,NA,NA,NA,NA,NA,NA,NA,NA,NA,NA,NA,NA,NA,NA,NA,NA,"fanduel","4000","0.0",40,NA,"800.00",2026-09-24
"Sixth Man","5960","Jaime","Jaquez","Jaime Jaquez","MIL","https://assets.rotowire.com/images/teamlogo/basketball/100MIL.png?v=10","/betting/nba/player/jaime-jaquez-odds-5960","4000","0.0",40,"1.4","800.00",NA,NA,NA,NA,NA,NA,NA,NA,NA,NA,NA,NA,NA,NA,NA,NA,NA,NA,NA,NA,NA,NA,NA,NA,NA,NA,NA,NA,NA,NA,NA,NA,NA,NA,NA,NA,NA,NA,NA,NA,NA,NA,NA,NA,NA,NA,NA,NA,NA,NA,NA,NA,NA,NA,NA,NA,NA,NA,NA,NA,NA,NA,NA,NA,NA,NA,NA,"fanduel","4000","0.0",40,NA,"800.00",2026-09-24
"Sixth Man","4782","Keldon","Johnson","Keldon Johnson","SAS","https://assets.rotowire.com/images/teamlogo/basketball/100SAS.png?v=10","/betting/nba/player/keldon-johnson-odds-4782","4000","0.0",40,"1.4","800.00",NA,NA,NA,NA,NA,NA,NA,NA,NA,NA,NA,NA,NA,NA,NA,NA,NA,NA,NA,NA,NA,NA,NA,NA,NA,NA,NA,NA,NA,NA,NA,NA,NA,NA,NA,NA,NA,NA,NA,NA,NA,NA,NA,NA,NA,NA,NA,NA,NA,NA,NA,NA,NA,NA,NA,NA,NA,NA,NA,NA,NA,NA,NA,NA,NA,NA,NA,"fanduel","4000","0.0",40,NA,"800.00",2026-09-24
"Sixth Man","6562","Yaxel","Lendeborg","Yaxel Lendeborg","GSW","https://assets.rotowire.com/images/teamlogo/basketball/100GSW.png?v=10","/betting/nba/player/yaxel-lendeborg-odds-6562","4000","0.0",40,"1.4","800.00",NA,NA,NA,NA,NA,NA,NA,NA,NA,NA,NA,NA,NA,NA,NA,NA,NA,NA,NA,NA,NA,NA,NA,NA,NA,NA,NA,NA,NA,NA,NA,NA,NA,NA,NA,NA,NA,NA,NA,NA,NA,NA,NA,NA,NA,NA,NA,NA,NA,NA,NA,NA,NA,NA,NA,NA,NA,NA,NA,NA,NA,NA,NA,NA,NA,NA,NA,"fanduel","4000","0.0",40,NA,"800.00",2026-09-24
"Sixth Man","3705","Bobby","Portis","Bobby Portis","MIA","https://assets.rotowire.com/images/teamlogo/basketball/100MIA.png?v=10","/betting/nba/player/bobby-portis-odds-3705","4000","0.0",40,"1.4","800.00",NA,NA,NA,NA,NA,NA,NA,NA,NA,NA,NA,NA,NA,NA,NA,NA,NA,NA,NA,NA,NA,NA,NA,NA,NA,NA,NA,NA,NA,NA,NA,NA,NA,NA,NA,NA,NA,NA,NA,NA,NA,NA,NA,NA,NA,NA,NA,NA,NA,NA,NA,NA,NA,NA,NA,NA,NA,NA,NA,NA,NA,NA,NA,NA,NA,NA,NA,"fanduel","4000","0.0",40,NA,"800.00",2026-09-24
"Sixth Man","5937","Brice","Sensabaugh","Brice Sensabaugh","UTA","https://assets.rotowire.com/images/teamlogo/basketball/100UTA.png?v=10","/betting/nba/player/brice-sensabaugh-odds-5937","4000","0.0",40,"1.4","800.00",NA,NA,NA,NA,NA,NA,NA,NA,NA,NA,NA,NA,NA,NA,NA,NA,NA,NA,NA,NA,NA,NA,NA,NA,NA,NA,NA,NA,NA,NA,NA,NA,NA,NA,NA,NA,NA,NA,NA,NA,NA,NA,NA,NA,NA,NA,NA,NA,NA,NA,NA,NA,NA,NA,NA,NA,NA,NA,NA,NA,NA,NA,NA,NA,NA,NA,NA,"fanduel","4000","0.0",40,NA,"800.00",2026-09-24
"Sixth Man","6277","Jaylon","Tyson","Jaylon Tyson","CLE","https://assets.rotowire.com/images/teamlogo/basketball/100CLE.png?v=10","/betting/nba/player/jaylon-tyson-odds-6277","4000","0.0",40,"1.4","800.00",NA,NA,NA,NA,NA,NA,NA,NA,NA,NA,NA,NA,NA,NA,NA,NA,NA,NA,NA,NA,NA,NA,NA,NA,NA,NA,NA,NA,NA,NA,NA,NA,NA,NA,NA,NA,NA,NA,NA,NA,NA,NA,NA,NA,NA,NA,NA,NA,NA,NA,NA,NA,NA,NA,NA,NA,NA,NA,NA,NA,NA,NA,NA,NA,NA,NA,NA,"fanduel","4000","0.0",40,NA,"800.00",2026-09-24
"Sixth Man","5391","Quentin","Grimes","Quentin Grimes","LAL","https://assets.rotowire.com/images/teamlogo/basketball/100LAL.png?v=10","/betting/nba/player/quentin-grimes-odds-5391","5000","0.0",50,"1.2","1,000.00",NA,NA,NA,NA,NA,NA,NA,NA,NA,NA,NA,NA,NA,NA,NA,NA,NA,NA,NA,NA,NA,NA,NA,NA,NA,NA,NA,NA,NA,NA,NA,NA,NA,NA,NA,NA,NA,NA,NA,NA,NA,NA,NA,NA,NA,NA,NA,NA,NA,NA,NA,NA,NA,NA,NA,NA,NA,NA,NA,NA,NA,NA,NA,NA,NA,NA,NA,"fanduel","5000","0.0",50,NA,"1,000.00",2026-09-24
"Sixth Man","3029","Jrue","Holiday","Jrue Holiday","POR","https://assets.rotowire.com/images/teamlogo/basketball/100POR.png?v=10","/betting/nba/player/jrue-holiday-odds-3029","5000","0.0",50,"1.2","1,000.00",NA,NA,NA,NA,NA,NA,NA,NA,NA,NA,NA,NA,NA,NA,NA,NA,NA,NA,NA,NA,NA,NA,NA,NA,NA,NA,NA,NA,NA,NA,NA,NA,NA,NA,NA,NA,NA,NA,NA,NA,NA,NA,NA,NA,NA,NA,NA,NA,NA,NA,NA,NA,NA,NA,NA,NA,NA,NA,NA,NA,NA,NA,NA,NA,NA,NA,NA,"fanduel","5000","0.0",50,NA,"1,000.00",2026-09-24
"Sixth Man","6336","Daniss","Jenkins","Daniss Jenkins","DET","https://assets.rotowire.com/images/teamlogo/basketball/100DET.png?v=10","/betting/nba/player/daniss-jenkins-odds-6336","5000","0.0",50,"1.2","1,000.00",NA,NA,NA,NA,NA,NA,NA,NA,NA,NA,NA,NA,NA,NA,NA,NA,NA,NA,NA,NA,NA,NA,NA,NA,NA,NA,NA,NA,NA,NA,NA,NA,NA,NA,NA,NA,NA,NA,NA,NA,NA,NA,NA,NA,NA,NA,NA,NA,NA,NA,NA,NA,NA,NA,NA,NA,NA,NA,NA,NA,NA,NA,NA,NA,NA,NA,NA,"fanduel","5000","0.0",50,NA,"1,000.00",2026-09-24
"Sixth Man","5698","Bennedict","Mathurin","Bennedict Mathurin","NOP","https://assets.rotowire.com/images/teamlogo/basketball/100NOP.png?v=10","/betting/nba/player/bennedict-mathurin-odds-5698","5000","0.0",50,"1.2","1,000.00",NA,NA,NA,NA,NA,NA,NA,NA,NA,NA,NA,NA,NA,NA,NA,NA,NA,NA,NA,NA,NA,NA,NA,NA,NA,NA,NA,NA,NA,NA,NA,NA,NA,NA,NA,NA,NA,NA,NA,NA,NA,NA,NA,NA,NA,NA,NA,NA,NA,NA,NA,NA,NA,NA,NA,NA,NA,NA,NA,NA,NA,NA,NA,NA,NA,NA,NA,"fanduel","5000","0.0",50,NA,"1,000.00",2026-09-24
"Sixth Man","6266","Jared","McCain","Jared McCain","OKC","https://assets.rotowire.com/images/teamlogo/basketball/100OKC.png?v=10","/betting/nba/player/jared-mccain-odds-6266","5000","0.0",50,"1.2","1,000.00",NA,NA,NA,NA,NA,NA,NA,NA,NA,NA,NA,NA,NA,NA,NA,NA,NA,NA,NA,NA,NA,NA,NA,NA,NA,NA,NA,NA,NA,NA,NA,NA,NA,NA,NA,NA,NA,NA,NA,NA,NA,NA,NA,NA,NA,NA,NA,NA,NA,NA,NA,NA,NA,NA,NA,NA,NA,NA,NA,NA,NA,NA,NA,NA,NA,NA,NA,"fanduel","5000","0.0",50,NA,"1,000.00",2026-09-24
"Sixth Man","6278","Terrence","Shannon","Terrence Shannon","MIN","https://assets.rotowire.com/images/teamlogo/basketball/100MIN.png?v=10","/betting/nba/player/terrence-shannon-odds-6278","5000","0.0",50,"1.2","1,000.00",NA,NA,NA,NA,NA,NA,NA,NA,NA,NA,NA,NA,NA,NA,NA,NA,NA,NA,NA,NA,NA,NA,NA,NA,NA,NA,NA,NA,NA,NA,NA,NA,NA,NA,NA,NA,NA,NA,NA,NA,NA,NA,NA,NA,NA,NA,NA,NA,NA,NA,NA,NA,NA,NA,NA,NA,NA,NA,NA,NA,NA,NA,NA,NA,NA,NA,NA,"fanduel","5000","0.0",50,NA,"1,000.00",2026-09-24
"Sixth Man","6275","Kel'el","Ware","Kel'el Ware","MIL","https://assets.rotowire.com/images/teamlogo/basketball/100MIL.png?v=10","/betting/nba/player/kelel-ware-odds-6275","5000","0.0",50,"1.2","1,000.00",NA,NA,NA,NA,NA,NA,NA,NA,NA,NA,NA,NA,NA,NA,NA,NA,NA,NA,NA,NA,NA,NA,NA,NA,NA,NA,NA,NA,NA,NA,NA,NA,NA,NA,NA,NA,NA,NA,NA,NA,NA,NA,NA,NA,NA,NA,NA,NA,NA,NA,NA,NA,NA,NA,NA,NA,NA,NA,NA,NA,NA,NA,NA,NA,NA,NA,NA,"fanduel","5000","0.0",50,NA,"1,000.00",2026-09-24
"Sixth Man","5428","Santi","Aldama","Santi Aldama","DAL","https://assets.rotowire.com/images/teamlogo/basketball/100DAL.png?v=10","/betting/nba/player/santi-aldama-odds-5428","6000","0.0",60,"1.0","1,200.00",NA,NA,NA,NA,NA,NA,NA,NA,NA,NA,NA,NA,NA,NA,NA,NA,NA,NA,NA,NA,NA,NA,NA,NA,NA,NA,NA,NA,NA,NA,NA,NA,NA,NA,NA,NA,NA,NA,NA,NA,NA,NA,NA,NA,NA,NA,NA,NA,NA,NA,NA,NA,NA,NA,NA,NA,NA,NA,NA,NA,NA,NA,NA,NA,NA,NA,NA,"fanduel","6000","0.0",60,NA,"1,200.00",2026-09-24
"Sixth Man","5704","Tari","Eason","Tari Eason","HOU","https://assets.rotowire.com/images/teamlogo/basketball/100HOU.png?v=10","/betting/nba/player/tari-eason-odds-5704","6000","0.0",60,"1.0","1,200.00",NA,NA,NA,NA,NA,NA,NA,NA,NA,NA,NA,NA,NA,NA,NA,NA,NA,NA,NA,NA,NA,NA,NA,NA,NA,NA,NA,NA,NA,NA,NA,NA,NA,NA,NA,NA,NA,NA,NA,NA,NA,NA,NA,NA,NA,NA,NA,NA,NA,NA,NA,NA,NA,NA,NA,NA,NA,NA,NA,NA,NA,NA,NA,NA,NA,NA,NA,"fanduel","6000","0.0",60,NA,"1,200.00",2026-09-24
"Sixth Man","6264","Kyle","Filipowski","Kyle Filipowski","UTA","https://assets.rotowire.com/images/teamlogo/basketball/100UTA.png?v=10","/betting/nba/player/kyle-filipowski-odds-6264","6000","0.0",60,"1.0","1,200.00",NA,NA,NA,NA,NA,NA,NA,NA,NA,NA,NA,NA,NA,NA,NA,NA,NA,NA,NA,NA,NA,NA,NA,NA,NA,NA,NA,NA,NA,NA,NA,NA,NA,NA,NA,NA,NA,NA,NA,NA,NA,NA,NA,NA,NA,NA,NA,NA,NA,NA,NA,NA,NA,NA,NA,NA,NA,NA,NA,NA,NA,NA,NA,NA,NA,NA,NA,"fanduel","6000","0.0",60,NA,"1,200.00",2026-09-24
"Sixth Man","5254","Sam","Merrill","Sam Merrill","CLE","https://assets.rotowire.com/images/teamlogo/basketball/100CLE.png?v=10","/betting/nba/player/sam-merrill-odds-5254","6000","0.0",60,"1.0","1,200.00",NA,NA,NA,NA,NA,NA,NA,NA,NA,NA,NA,NA,NA,NA,NA,NA,NA,NA,NA,NA,NA,NA,NA,NA,NA,NA,NA,NA,NA,NA,NA,NA,NA,NA,NA,NA,NA,NA,NA,NA,NA,NA,NA,NA,NA,NA,NA,NA,NA,NA,NA,NA,NA,NA,NA,NA,NA,NA,NA,NA,NA,NA,NA,NA,NA,NA,NA,"fanduel","6000","0.0",60,NA,"1,200.00",2026-09-24
"Sixth Man","4117","Malik","Monk","Malik Monk","SAC","https://assets.rotowire.com/images/teamlogo/basketball/100SAC.png?v=10","/betting/nba/player/malik-monk-odds-4117","6000","0.0",60,"1.0","1,200.00",NA,NA,NA,NA,NA,NA,NA,NA,NA,NA,NA,NA,NA,NA,NA,NA,NA,NA,NA,NA,NA,NA,NA,NA,NA,NA,NA,NA,NA,NA,NA,NA,NA,NA,NA,NA,NA,NA,NA,NA,NA,NA,NA,NA,NA,NA,NA,NA,NA,NA,NA,NA,NA,NA,NA,NA,NA,NA,NA,NA,NA,NA,NA,NA,NA,NA,NA,"fanduel","6000","0.0",60,NA,"1,200.00",2026-09-24
"Sixth Man","4773","Kevin","Porter","Kevin Porter","MIL","https://assets.rotowire.com/images/teamlogo/basketball/100MIL.png?v=10","/betting/nba/player/kevin-porter-odds-4773","6000","0.0",60,"1.0","1,200.00",NA,NA,NA,NA,NA,NA,NA,NA,NA,NA,NA,NA,NA,NA,NA,NA,NA,NA,NA,NA,NA,NA,NA,NA,NA,NA,NA,NA,NA,NA,NA,NA,NA,NA,NA,NA,NA,NA,NA,NA,NA,NA,NA,NA,NA,NA,NA,NA,NA,NA,NA,NA,NA,NA,NA,NA,NA,NA,NA,NA,NA,NA,NA,NA,NA,NA,NA,"fanduel","6000","0.0",60,NA,"1,200.00",2026-09-24
"Sixth Man","4806","Naz","Reid","Naz Reid","CHA","https://assets.rotowire.com/images/teamlogo/basketball/100CHA.png?v=10","/betting/nba/player/naz-reid-odds-4806","6000","0.0",60,"1.0","1,200.00",NA,NA,NA,NA,NA,NA,NA,NA,NA,NA,NA,NA,NA,NA,NA,NA,NA,NA,NA,NA,NA,NA,NA,NA,NA,NA,NA,NA,NA,NA,NA,NA,NA,NA,NA,NA,NA,NA,NA,NA,NA,NA,NA,NA,NA,NA,NA,NA,NA,NA,NA,NA,NA,NA,NA,NA,NA,NA,NA,NA,NA,NA,NA,NA,NA,NA,NA,"fanduel","6000","0.0",60,NA,"1,200.00",2026-09-24
"Sixth Man","5898","Cason","Wallace","Cason Wallace","OKC","https://assets.rotowire.com/images/teamlogo/basketball/100OKC.png?v=10","/betting/nba/player/cason-wallace-odds-5898","6000","0.0",60,"1.0","1,200.00",NA,NA,NA,NA,NA,NA,NA,NA,NA,NA,NA,NA,NA,NA,NA,NA,NA,NA,NA,NA,NA,NA,NA,NA,NA,NA,NA,NA,NA,NA,NA,NA,NA,NA,NA,NA,NA,NA,NA,NA,NA,NA,NA,NA,NA,NA,NA,NA,NA,NA,NA,NA,NA,NA,NA,NA,NA,NA,NA,NA,NA,NA,NA,NA,NA,NA,NA,"fanduel","6000","0.0",60,NA,"1,200.00",2026-09-24
"Sixth Man","5412","Aaron","Wiggins","Aaron Wiggins","ATL","https://assets.rotowire.com/images/teamlogo/basketball/100ATL.png?v=10","/betting/nba/player/aaron-wiggins-odds-5412","6000","0.0",60,"1.0","1,200.00",NA,NA,NA,"2000","0.0",20,"19.1","400.00",NA,NA,NA,NA,NA,NA,NA,NA,NA,NA,NA,NA,NA,NA,NA,NA,NA,NA,NA,NA,NA,NA,NA,NA,NA,NA,NA,NA,NA,NA,NA,NA,NA,NA,NA,NA,NA,NA,NA,NA,NA,NA,NA,NA,NA,NA,NA,NA,NA,NA,NA,NA,NA,NA,NA,NA,NA,NA,NA,"fanduel","6000","0.0",60,NA,"1,200.00",2026-09-24
"Sixth Man","6546","Jeremiah","Fears","Jeremiah Fears","NOP","https://assets.rotowire.com/images/teamlogo/basketball/100NOP.png?v=10","/betting/nba/player/jeremiah-fears-odds-6546","7500","0.0",75,"0.8","1,500.00",NA,NA,NA,NA,NA,NA,NA,NA,NA,NA,NA,NA,NA,NA,NA,NA,NA,NA,NA,NA,NA,NA,NA,NA,NA,NA,NA,NA,NA,NA,NA,NA,NA,NA,NA,NA,NA,NA,NA,NA,NA,NA,NA,NA,NA,NA,NA,NA,NA,NA,NA,NA,NA,NA,NA,NA,NA,NA,NA,NA,NA,NA,NA,NA,NA,NA,NA,"fanduel","7500","0.0",75,NA,"1,500.00",2026-09-24
"Sixth Man","4123","Luke","Kennard","Luke Kennard","PHX","https://assets.rotowire.com/images/teamlogo/basketball/100PHX.png?v=10","/betting/nba/player/luke-kennard-odds-4123","7500","0.0",75,"0.8","1,500.00",NA,NA,NA,NA,NA,NA,NA,NA,NA,NA,NA,NA,NA,NA,NA,NA,NA,NA,NA,NA,NA,NA,NA,NA,NA,NA,NA,NA,NA,NA,NA,NA,NA,NA,NA,NA,NA,NA,NA,NA,NA,NA,NA,NA,NA,NA,NA,NA,NA,NA,NA,NA,NA,NA,NA,NA,NA,NA,NA,NA,NA,NA,NA,NA,NA,NA,NA,"fanduel","7500","0.0",75,NA,"1,500.00",2026-09-24
"Sixth Man","6013","Pelle","Larsson","Pelle Larsson","MIA","https://assets.rotowire.com/images/teamlogo/basketball/100MIA.png?v=10","/betting/nba/player/pelle-larsson-odds-6013","7500","0.0",75,"0.8","1,500.00",NA,NA,NA,NA,NA,NA,NA,NA,NA,NA,NA,NA,NA,NA,NA,NA,NA,NA,NA,NA,NA,NA,NA,NA,NA,NA,NA,NA,NA,NA,NA,NA,NA,NA,NA,NA,NA,NA,NA,NA,NA,NA,NA,NA,NA,NA,NA,NA,NA,NA,NA,NA,NA,NA,NA,NA,NA,NA,NA,NA,NA,NA,NA,NA,NA,NA,NA,"fanduel","7500","0.0",75,NA,"1,500.00",2026-09-24
"Sixth Man","5341","Sandro","Mamukelashvili","Sandro Mamukelashvili","LAL","https://assets.rotowire.com/images/teamlogo/basketball/100LAL.png?v=10","/betting/nba/player/sandro-mamukelashvili-odds-5341","7500","0.0",75,"0.8","1,500.00",NA,NA,NA,NA,NA,NA,NA,NA,NA,NA,NA,NA,NA,NA,NA,NA,NA,NA,NA,NA,NA,NA,NA,NA,NA,NA,NA,NA,NA,NA,NA,NA,NA,NA,NA,NA,NA,NA,NA,NA,NA,NA,NA,NA,NA,NA,NA,NA,NA,NA,NA,NA,NA,NA,NA,NA,NA,NA,NA,NA,NA,NA,NA,NA,NA,NA,NA,"fanduel","7500","0.0",75,NA,"1,500.00",2026-09-24
"Sixth Man","5402","Miles","McBride","Miles McBride","NYK","https://assets.rotowire.com/images/teamlogo/basketball/100NYK.png?v=10","/betting/nba/player/miles-mcbride-odds-5402","7500","0.0",75,"0.8","1,500.00",NA,NA,NA,NA,NA,NA,NA,NA,NA,NA,NA,NA,NA,NA,NA,NA,NA,NA,NA,NA,NA,NA,NA,NA,NA,NA,NA,NA,NA,NA,NA,NA,NA,NA,NA,NA,NA,NA,NA,NA,NA,NA,NA,NA,NA,NA,NA,NA,NA,NA,NA,NA,NA,NA,NA,NA,NA,NA,NA,NA,NA,NA,NA,NA,NA,NA,NA,"fanduel","7500","0.0",75,NA,"1,500.00",2026-09-24
"Sixth Man","3760","T.J.","McConnell","T.J. McConnell","IND","https://assets.rotowire.com/images/teamlogo/basketball/100IND.png?v=10","/betting/nba/player/tj-mcconnell-odds-3760","7500","0.0",75,"0.8","1,500.00",NA,NA,NA,NA,NA,NA,NA,NA,NA,NA,NA,NA,NA,NA,NA,NA,NA,NA,NA,NA,NA,NA,NA,NA,NA,NA,NA,NA,NA,NA,NA,NA,NA,NA,NA,NA,NA,NA,NA,NA,NA,NA,NA,NA,NA,NA,NA,NA,NA,NA,NA,NA,NA,NA,NA,NA,NA,NA,NA,NA,NA,NA,NA,NA,NA,NA,NA,"fanduel","7500","0.0",75,NA,"1,500.00",2026-09-24
"Sixth Man","6585","Collin","Murray-Boyles","Collin Murray-Boyles","TOR","https://assets.rotowire.com/images/teamlogo/basketball/100TOR.png?v=10","/betting/nba/player/collin-murray-boyles-odds-6585","7500","0.0",75,"0.8","1,500.00",NA,NA,NA,NA,NA,NA,NA,NA,NA,NA,NA,NA,NA,NA,NA,NA,NA,NA,NA,NA,NA,NA,NA,NA,NA,NA,NA,NA,NA,NA,NA,NA,NA,NA,NA,NA,NA,NA,NA,NA,NA,NA,NA,NA,NA,NA,NA,NA,NA,NA,NA,NA,NA,NA,NA,NA,NA,NA,NA,NA,NA,NA,NA,NA,NA,NA,NA,"fanduel","7500","0.0",75,NA,"1,500.00",2026-09-24
"Sixth Man","3721","Kelly","Oubre","Kelly Oubre","IND","https://assets.rotowire.com/images/teamlogo/basketball/100IND.png?v=10","/betting/nba/player/kelly-oubre-odds-3721","7500","0.0",75,"0.8","1,500.00",NA,NA,NA,NA,NA,NA,NA,NA,NA,NA,NA,NA,NA,NA,NA,NA,NA,NA,NA,NA,NA,NA,NA,NA,NA,NA,NA,NA,NA,NA,NA,NA,NA,NA,NA,NA,NA,NA,NA,NA,NA,NA,NA,NA,NA,NA,NA,NA,NA,NA,NA,NA,NA,NA,NA,NA,NA,NA,NA,NA,NA,NA,NA,NA,NA,NA,NA,"fanduel","7500","0.0",75,NA,"1,500.00",2026-09-24
"Sixth Man","6541","Derik","Queen","Derik Queen","NOP","https://assets.rotowire.com/images/teamlogo/basketball/100NOP.png?v=10","/betting/nba/player/derik-queen-odds-6541","7500","0.0",75,"0.8","1,500.00",NA,NA,NA,NA,NA,NA,NA,NA,NA,NA,NA,NA,NA,NA,NA,NA,NA,NA,NA,NA,NA,NA,NA,NA,NA,NA,NA,NA,NA,NA,NA,NA,NA,NA,NA,NA,NA,NA,NA,NA,NA,NA,NA,NA,NA,NA,NA,NA,NA,NA,NA,NA,NA,NA,NA,NA,NA,NA,NA,NA,NA,NA,NA,NA,NA,NA,NA,"fanduel","7500","0.0",75,NA,"1,500.00",2026-09-24
"Sixth Man","5124","Paul","Reed","Paul Reed","DET","https://assets.rotowire.com/images/teamlogo/basketball/100DET.png?v=10","/betting/nba/player/paul-reed-odds-5124","7500","0.0",75,"0.8","1,500.00",NA,NA,NA,NA,NA,NA,NA,NA,NA,NA,NA,NA,NA,NA,NA,NA,NA,NA,NA,NA,NA,NA,NA,NA,NA,NA,NA,NA,NA,NA,NA,NA,NA,NA,NA,NA,NA,NA,NA,NA,NA,NA,NA,NA,NA,NA,NA,NA,NA,NA,NA,NA,NA,NA,NA,NA,NA,NA,NA,NA,NA,NA,NA,NA,NA,NA,NA,"fanduel","7500","0.0",75,NA,"1,500.00",2026-09-24
"Sixth Man","5738","Gui","Santos","Gui Santos","GSW","https://assets.rotowire.com/images/teamlogo/basketball/100GSW.png?v=10","/betting/nba/player/gui-santos-odds-5738","7500","0.0",75,"0.8","1,500.00",NA,NA,NA,NA,NA,NA,NA,NA,NA,NA,NA,NA,NA,NA,NA,NA,NA,NA,NA,NA,NA,NA,NA,NA,NA,NA,NA,NA,NA,NA,NA,NA,NA,NA,NA,NA,NA,NA,NA,NA,NA,NA,NA,NA,NA,NA,NA,NA,NA,NA,NA,NA,NA,NA,NA,NA,NA,NA,NA,NA,NA,NA,NA,NA,NA,NA,NA,"fanduel","7500","0.0",75,NA,"1,500.00",2026-09-24
"Sixth Man","6296","Jamal","Shead","Jamal Shead","TOR","https://assets.rotowire.com/images/teamlogo/basketball/100TOR.png?v=10","/betting/nba/player/jamal-shead-odds-6296","7500","0.0",75,"0.8","1,500.00",NA,NA,NA,NA,NA,NA,NA,NA,NA,NA,NA,NA,NA,NA,NA,NA,NA,NA,NA,NA,NA,NA,NA,NA,NA,NA,NA,NA,NA,NA,NA,NA,NA,NA,NA,NA,NA,NA,NA,NA,NA,NA,NA,NA,NA,NA,NA,NA,NA,NA,NA,NA,NA,NA,NA,NA,NA,NA,NA,NA,NA,NA,NA,NA,NA,NA,NA,"fanduel","7500","0.0",75,NA,"1,500.00",2026-09-24
"Sixth Man","4372","Deandre","Ayton","Deandre Ayton","WAS","https://assets.rotowire.com/images/teamlogo/basketball/100WAS.png?v=10","/betting/nba/player/deandre-ayton-odds-4372","10000","0.0",100,"0.6","2,000.00",NA,NA,NA,NA,NA,NA,NA,NA,NA,NA,NA,NA,NA,NA,NA,NA,NA,NA,NA,NA,NA,NA,NA,NA,NA,NA,NA,NA,NA,NA,NA,NA,NA,NA,NA,NA,NA,NA,NA,NA,NA,NA,NA,NA,NA,NA,NA,NA,NA,NA,NA,NA,NA,NA,NA,NA,NA,NA,NA,NA,NA,NA,NA,NA,NA,NA,NA,"fanduel","10000","0.0",100,NA,"2,000.00",2026-09-24
"Sixth Man","5728","Julian","Champagnie","Julian Champagnie","SAS","https://assets.rotowire.com/images/teamlogo/basketball/100SAS.png?v=10","/betting/nba/player/julian-champagnie-odds-5728","10000","0.0",100,"0.6","2,000.00",NA,NA,NA,NA,NA,NA,NA,NA,NA,NA,NA,NA,NA,NA,NA,NA,NA,NA,NA,NA,NA,NA,NA,NA,NA,NA,NA,NA,NA,NA,NA,NA,NA,NA,NA,NA,NA,NA,NA,NA,NA,NA,NA,NA,NA,NA,NA,NA,NA,NA,NA,NA,NA,NA,NA,NA,NA,NA,NA,NA,NA,NA,NA,NA,NA,NA,NA,"fanduel","10000","0.0",100,NA,"2,000.00",2026-09-24
"Sixth Man","6260","Isaiah","Collier","Isaiah Collier","UTA","https://assets.rotowire.com/images/teamlogo/basketball/100UTA.png?v=10","/betting/nba/player/isaiah-collier-odds-6260","10000","0.0",100,"0.6","2,000.00",NA,NA,NA,NA,NA,NA,NA,NA,NA,NA,NA,NA,NA,NA,NA,NA,NA,NA,NA,NA,NA,NA,NA,NA,NA,NA,NA,NA,NA,NA,NA,NA,NA,NA,NA,NA,NA,NA,NA,NA,NA,NA,NA,NA,NA,NA,NA,NA,NA,NA,NA,NA,NA,NA,NA,NA,NA,NA,NA,NA,NA,NA,NA,NA,NA,NA,NA,"fanduel","10000","0.0",100,NA,"2,000.00",2026-09-24
"Sixth Man","6553","Hugo","Gonzalez","Hugo Gonzalez","BOS","https://assets.rotowire.com/images/teamlogo/basketball/100BOS.png?v=10","/betting/nba/player/hugo-gonzalez-odds-6553","10000","0.0",100,"0.6","2,000.00",NA,NA,NA,NA,NA,NA,NA,NA,NA,NA,NA,NA,NA,NA,NA,NA,NA,NA,NA,NA,NA,NA,NA,NA,NA,NA,NA,NA,NA,NA,NA,NA,NA,NA,NA,NA,NA,NA,NA,NA,NA,NA,NA,NA,NA,NA,NA,NA,NA,NA,NA,NA,NA,NA,NA,NA,NA,NA,NA,NA,NA,NA,NA,NA,NA,NA,NA,"fanduel","10000","0.0",100,NA,"2,000.00",2026-09-24
"Sixth Man","3588","Jerami","Grant","Jerami Grant","MEM","https://assets.rotowire.com/images/teamlogo/basketball/100MEM.png?v=10","/betting/nba/player/jerami-grant-odds-3588","10000","0.0",100,"0.6","2,000.00",NA,NA,NA,NA,NA,NA,NA,NA,NA,NA,NA,NA,NA,NA,NA,NA,NA,NA,NA,NA,NA,NA,NA,NA,NA,NA,NA,NA,NA,NA,NA,NA,NA,NA,NA,NA,NA,NA,NA,NA,NA,NA,NA,NA,NA,NA,NA,NA,NA,NA,NA,NA,NA,NA,NA,NA,NA,NA,NA,NA,NA,NA,NA,NA,NA,NA,NA,"fanduel","10000","0.0",100,NA,"2,000.00",2026-09-24
"Sixth Man","3578","Mario","Hezonja","Mario Hezonja","CLE","https://assets.rotowire.com/images/teamlogo/basketball/100CLE.png?v=10","/betting/nba/player/mario-hezonja-odds-3578","10000","0.0",100,"0.6","2,000.00",NA,NA,NA,NA,NA,NA,NA,NA,NA,NA,NA,NA,NA,NA,NA,NA,NA,NA,NA,NA,NA,NA,NA,NA,NA,NA,NA,NA,NA,NA,NA,NA,NA,NA,NA,NA,NA,NA,NA,NA,NA,NA,NA,NA,NA,NA,NA,NA,NA,NA,NA,NA,NA,NA,NA,NA,NA,NA,NA,NA,NA,NA,NA,NA,NA,NA,NA,"fanduel","10000","0.0",100,NA,"2,000.00",2026-09-24
"Sixth Man","5946","GG","Jackson","GG Jackson","MEM","https://assets.rotowire.com/images/teamlogo/basketball/100MEM.png?v=10","/betting/nba/player/gg-jackson-odds-5946","10000","0.0",100,"0.6","2,000.00",NA,NA,NA,NA,NA,NA,NA,NA,NA,NA,NA,NA,NA,NA,NA,NA,NA,NA,NA,NA,NA,NA,NA,NA,NA,NA,NA,NA,NA,NA,NA,NA,NA,NA,NA,NA,NA,NA,NA,NA,NA,NA,NA,NA,NA,NA,NA,NA,NA,NA,NA,NA,NA,NA,NA,NA,NA,NA,NA,NA,NA,NA,NA,NA,NA,NA,NA,"fanduel","10000","0.0",100,NA,"2,000.00",2026-09-24
"Sixth Man","4368","De'Anthony","Melton","De'Anthony Melton","GSW","https://assets.rotowire.com/images/teamlogo/basketball/100GSW.png?v=10","/betting/nba/player/deanthony-melton-odds-4368","10000","0.0",100,"0.6","2,000.00",NA,NA,NA,NA,NA,NA,NA,NA,NA,NA,NA,NA,NA,NA,NA,NA,NA,NA,NA,NA,NA,NA,NA,NA,NA,NA,NA,NA,NA,NA,NA,NA,NA,NA,NA,NA,NA,NA,NA,NA,NA,NA,NA,NA,NA,NA,NA,NA,NA,NA,NA,NA,NA,NA,NA,NA,NA,NA,NA,NA,NA,NA,NA,NA,NA,NA,NA,"fanduel","10000","0.0",100,NA,"2,000.00",2026-09-24
"Sixth Man","5120","Aaron","Nesmith","Aaron Nesmith","IND","https://assets.rotowire.com/images/teamlogo/basketball/100IND.png?v=10","/betting/nba/player/aaron-nesmith-odds-5120","10000","0.0",100,"0.6","2,000.00",NA,NA,NA,NA,NA,NA,NA,NA,NA,NA,NA,NA,NA,NA,NA,NA,NA,NA,NA,NA,NA,NA,NA,NA,NA,NA,NA,NA,NA,NA,NA,NA,NA,NA,NA,NA,NA,NA,NA,NA,NA,NA,NA,NA,NA,NA,NA,NA,NA,NA,NA,NA,NA,NA,NA,NA,NA,NA,NA,NA,NA,NA,NA,NA,NA,NA,NA,"fanduel","10000","0.0",100,NA,"2,000.00",2026-09-24
"Sixth Man","4426","Mitchell","Robinson","Mitchell Robinson","BOS","https://assets.rotowire.com/images/teamlogo/basketball/100BOS.png?v=10","/betting/nba/player/mitchell-robinson-odds-4426","10000","0.0",100,"0.6","2,000.00",NA,NA,NA,NA,NA,NA,NA,NA,NA,NA,NA,NA,NA,NA,NA,NA,NA,NA,NA,NA,NA,NA,NA,NA,NA,NA,NA,NA,NA,NA,NA,NA,NA,NA,NA,NA,NA,NA,NA,NA,NA,NA,NA,NA,NA,NA,NA,NA,NA,NA,NA,NA,NA,NA,NA,NA,NA,NA,NA,NA,NA,NA,NA,NA,NA,NA,NA,"fanduel","10000","0.0",100,NA,"2,000.00",2026-09-24
"Sixth Man","3575","Marcus","Smart","Marcus Smart","HOU","https://assets.rotowire.com/images/teamlogo/basketball/100HOU.png?v=10","/betting/nba/player/marcus-smart-odds-3575","10000","0.0",100,"0.6","2,000.00",NA,NA,NA,NA,NA,NA,NA,NA,NA,NA,NA,NA,NA,NA,NA,NA,NA,NA,NA,NA,NA,NA,NA,NA,NA,NA,NA,NA,NA,NA,NA,NA,NA,NA,NA,NA,NA,NA,NA,NA,NA,NA,NA,NA,NA,NA,NA,NA,NA,NA,NA,NA,NA,NA,NA,NA,NA,NA,NA,NA,NA,NA,NA,NA,NA,NA,NA,"fanduel","10000","0.0",100,NA,"2,000.00",2026-09-24
"Sixth Man","5137","Isaiah","Stewart","Isaiah Stewart","MEM","https://assets.rotowire.com/images/teamlogo/basketball/100MEM.png?v=10","/betting/nba/player/isaiah-stewart-odds-5137","10000","0.0",100,"0.6","2,000.00",NA,NA,NA,NA,NA,NA,NA,NA,NA,NA,NA,NA,NA,NA,NA,NA,NA,NA,NA,NA,NA,NA,NA,NA,NA,NA,NA,NA,NA,NA,NA,NA,NA,NA,NA,NA,NA,NA,NA,NA,NA,NA,NA,NA,NA,NA,NA,NA,NA,NA,NA,NA,NA,NA,NA,NA,NA,NA,NA,NA,NA,NA,NA,NA,NA,NA,NA,"fanduel","10000","0.0",100,NA,"2,000.00",2026-09-24
"Sixth Man","5915","Julian","Strawther","Julian Strawther","DEN","https://assets.rotowire.com/images/teamlogo/basketball/100DEN.png?v=10","/betting/nba/player/julian-strawther-odds-5915","10000","0.0",100,"0.6","2,000.00",NA,NA,NA,NA,NA,NA,NA,NA,NA,NA,NA,NA,NA,NA,NA,NA,NA,NA,NA,NA,NA,NA,NA,NA,NA,NA,NA,NA,NA,NA,NA,NA,NA,NA,NA,NA,NA,NA,NA,NA,NA,NA,NA,NA,NA,NA,NA,NA,NA,NA,NA,NA,NA,NA,NA,NA,NA,NA,NA,NA,NA,NA,NA,NA,NA,NA,NA,"fanduel","10000","0.0",100,NA,"2,000.00",2026-09-24
"Sixth Man","3197","Klay","Thompson","Klay Thompson","MIA","https://assets.rotowire.com/images/teamlogo/basketball/100MIA.png?v=10","/betting/nba/player/klay-thompson-odds-3197","10000","0.0",100,"0.6","2,000.00",NA,NA,NA,NA,NA,NA,NA,NA,NA,NA,NA,NA,NA,NA,NA,NA,NA,NA,NA,NA,NA,NA,NA,NA,NA,NA,NA,NA,NA,NA,NA,NA,NA,NA,NA,NA,NA,NA,NA,NA,NA,NA,NA,NA,NA,NA,NA,NA,NA,NA,NA,NA,NA,NA,NA,NA,NA,NA,NA,NA,NA,NA,NA,NA,NA,NA,NA,"fanduel","10000","0.0",100,NA,"2,000.00",2026-09-24
"Sixth Man","3212","Nikola","Vucevic","Nikola Vucevic","ORL","https://assets.rotowire.com/images/teamlogo/basketball/100ORL.png?v=10","/betting/nba/player/nikola-vucevic-odds-3212","10000","0.0",100,"0.6","2,000.00",NA,NA,NA,NA,NA,NA,NA,NA,NA,NA,NA,NA,NA,NA,NA,NA,NA,NA,NA,NA,NA,NA,NA,NA,NA,NA,NA,NA,NA,NA,NA,NA,NA,NA,NA,NA,NA,NA,NA,NA,NA,NA,NA,NA,NA,NA,NA,NA,NA,NA,NA,NA,NA,NA,NA,NA,NA,NA,NA,NA,NA,NA,NA,NA,NA,NA,NA,"fanduel","10000","0.0",100,NA,"2,000.00",2026-09-24
"Sixth Man","6261","Ja'Kobe","Walter","Ja'Kobe Walter","TOR","https://assets.rotowire.com/images/teamlogo/basketball/100TOR.png?v=10","/betting/nba/player/jakobe-walter-odds-6261","10000","0.0",100,"0.6","2,000.00",NA,NA,NA,NA,NA,NA,NA,NA,NA,NA,NA,NA,NA,NA,NA,NA,NA,NA,NA,NA,NA,NA,NA,NA,NA,NA,NA,NA,NA,NA,NA,NA,NA,NA,NA,NA,NA,NA,NA,NA,NA,NA,NA,NA,NA,NA,NA,NA,NA,NA,NA,NA,NA,NA,NA,NA,NA,NA,NA,NA,NA,NA,NA,NA,NA,NA,NA,"fanduel","10000","0.0",100,NA,"2,000.00",2026-09-24
"Sixth Man","6267","Tristan","da Silva","Tristan da Silva","ORL","https://assets.rotowire.com/images/teamlogo/basketball/100ORL.png?v=10","/betting/nba/player/tristan-da-silva-odds-6267","10000","0.0",100,"0.6","2,000.00",NA,NA,NA,NA,NA,NA,NA,NA,NA,NA,NA,NA,NA,NA,NA,NA,NA,NA,NA,NA,NA,NA,NA,NA,NA,NA,NA,NA,NA,NA,NA,NA,NA,NA,NA,NA,NA,NA,NA,NA,NA,NA,NA,NA,NA,NA,NA,NA,NA,NA,NA,NA,NA,NA,NA,NA,NA,NA,NA,NA,NA,NA,NA,NA,NA,NA,NA,"fanduel","10000","0.0",100,NA,"2,000.00",2026-09-24
"Sixth Man","6270","Bub","Carrington","Bub Carrington","WAS","https://assets.rotowire.com/images/teamlogo/basketball/100WAS.png?v=10","/betting/nba/player/bub-carrington-odds-6270","15000","0.0",150,"0.4","3,000.00",NA,NA,NA,NA,NA,NA,NA,NA,NA,NA,NA,NA,NA,NA,NA,NA,NA,NA,NA,NA,NA,NA,NA,NA,NA,NA,NA,NA,NA,NA,NA,NA,NA,NA,NA,NA,NA,NA,NA,NA,NA,NA,NA,NA,NA,NA,NA,NA,NA,NA,NA,NA,NA,NA,NA,NA,NA,NA,NA,NA,NA,NA,NA,NA,NA,NA,NA,"fanduel","15000","0.0",150,NA,"3,000.00",2026-09-24
"Sixth Man","3952","Alex","Caruso","Alex Caruso","OKC","https://assets.rotowire.com/images/teamlogo/basketball/100OKC.png?v=10","/betting/nba/player/alex-caruso-odds-3952","15000","0.0",150,"0.4","3,000.00",NA,NA,NA,NA,NA,NA,NA,NA,NA,NA,NA,NA,NA,NA,NA,NA,NA,NA,NA,NA,NA,NA,NA,NA,NA,NA,NA,NA,NA,NA,NA,NA,NA,NA,NA,NA,NA,NA,NA,NA,NA,NA,NA,NA,NA,NA,NA,NA,NA,NA,NA,NA,NA,NA,NA,NA,NA,NA,NA,NA,NA,NA,NA,NA,NA,NA,NA,"fanduel","15000","0.0",150,NA,"3,000.00",2026-09-24
"Sixth Man","5723","Max","Christie","Max Christie","DAL","https://assets.rotowire.com/images/teamlogo/basketball/100DAL.png?v=10","/betting/nba/player/max-christie-odds-5723","15000","0.0",150,"0.4","3,000.00",NA,NA,NA,NA,NA,NA,NA,NA,NA,NA,NA,NA,NA,NA,NA,NA,NA,NA,NA,NA,NA,NA,NA,NA,NA,NA,NA,NA,NA,NA,NA,NA,NA,NA,NA,NA,NA,NA,NA,NA,NA,NA,NA,NA,NA,NA,NA,NA,NA,NA,NA,NA,NA,NA,NA,NA,NA,NA,NA,NA,NA,NA,NA,NA,NA,NA,NA,"fanduel","15000","0.0",150,NA,"3,000.00",2026-09-24
"Sixth Man","5945","Bilal","Coulibaly","Bilal Coulibaly","WAS","https://assets.rotowire.com/images/teamlogo/basketball/100WAS.png?v=10","/betting/nba/player/bilal-coulibaly-odds-5945","15000","0.0",150,"0.4","3,000.00",NA,NA,NA,NA,NA,NA,NA,NA,NA,NA,NA,NA,NA,NA,NA,NA,NA,NA,NA,NA,NA,NA,NA,NA,NA,NA,NA,NA,NA,NA,NA,NA,NA,NA,NA,NA,NA,NA,NA,NA,NA,NA,NA,NA,NA,NA,NA,NA,NA,NA,NA,NA,NA,NA,NA,NA,NA,NA,NA,NA,NA,NA,NA,NA,NA,NA,NA,"fanduel","15000","0.0",150,NA,"3,000.00",2026-09-24
"Sixth Man","6927","Kingston","Flemings","Kingston Flemings","ATL","https://assets.rotowire.com/images/teamlogo/basketball/100ATL.png?v=10","/betting/nba/player/kingston-flemings-odds-6927","15000","0.0",150,"0.4","3,000.00",NA,NA,NA,NA,NA,NA,NA,NA,NA,NA,NA,NA,NA,NA,NA,NA,NA,NA,NA,NA,NA,NA,NA,NA,NA,NA,NA,NA,NA,NA,NA,NA,NA,NA,NA,NA,NA,NA,NA,NA,NA,NA,NA,NA,NA,NA,NA,NA,NA,NA,NA,NA,NA,NA,NA,NA,NA,NA,NA,NA,NA,NA,NA,NA,NA,NA,NA,"fanduel","15000","0.0",150,NA,"3,000.00",2026-09-24
"Sixth Man","4083","Derrick","Jones","Derrick Jones","LAC","https://assets.rotowire.com/images/teamlogo/basketball/100LAC.png?v=10","/betting/nba/player/derrick-jones-odds-4083","15000","0.0",150,"0.4","3,000.00",NA,NA,NA,NA,NA,NA,NA,NA,NA,NA,NA,NA,NA,NA,NA,NA,NA,NA,NA,NA,NA,NA,NA,NA,NA,NA,NA,NA,NA,NA,NA,NA,NA,NA,NA,NA,NA,NA,NA,NA,NA,NA,NA,NA,NA,NA,NA,NA,NA,NA,NA,NA,NA,NA,NA,NA,NA,NA,NA,NA,NA,NA,NA,NA,NA,NA,NA,"fanduel","15000","0.0",150,NA,"3,000.00",2026-09-24
"Sixth Man","6280","Baylor","Scheierman","Baylor Scheierman","BOS","https://assets.rotowire.com/images/teamlogo/basketball/100BOS.png?v=10","/betting/nba/player/baylor-scheierman-odds-6280","15000","0.0",150,"0.4","3,000.00",NA,NA,NA,NA,NA,NA,NA,NA,NA,NA,NA,NA,NA,NA,NA,NA,NA,NA,NA,NA,NA,NA,NA,NA,NA,NA,NA,NA,NA,NA,NA,NA,NA,NA,NA,NA,NA,NA,NA,NA,NA,NA,NA,NA,NA,NA,NA,NA,NA,NA,NA,NA,NA,NA,NA,NA,NA,NA,NA,NA,NA,NA,NA,NA,NA,NA,NA,"fanduel","15000","0.0",150,NA,"3,000.00",2026-09-24
"Sixth Man","3444","Dennis","Schroder","Dennis Schroder","CHA","https://assets.rotowire.com/images/teamlogo/basketball/100CHA.png?v=10","/betting/nba/player/dennis-schroder-odds-3444","15000","0.0",150,"0.4","3,000.00",NA,NA,NA,NA,NA,NA,NA,NA,NA,NA,NA,NA,NA,NA,NA,NA,NA,NA,NA,NA,NA,NA,NA,NA,NA,NA,NA,NA,NA,NA,NA,NA,NA,NA,NA,NA,NA,NA,NA,NA,NA,NA,NA,NA,NA,NA,NA,NA,NA,NA,NA,NA,NA,NA,NA,NA,NA,NA,NA,NA,NA,NA,NA,NA,NA,NA,NA,"fanduel","15000","0.0",150,NA,"3,000.00",2026-09-24
"Sixth Man","5109","Obi","Toppin","Obi Toppin","IND","https://assets.rotowire.com/images/teamlogo/basketball/100IND.png?v=10","/betting/nba/player/obi-toppin-odds-5109","15000","0.0",150,"0.4","3,000.00",NA,NA,NA,NA,NA,NA,NA,NA,NA,NA,NA,NA,NA,NA,NA,NA,NA,NA,NA,NA,NA,NA,NA,NA,NA,NA,NA,NA,NA,NA,NA,NA,NA,NA,NA,NA,NA,NA,NA,NA,NA,NA,NA,NA,NA,NA,NA,NA,NA,NA,NA,NA,NA,NA,NA,NA,NA,NA,NA,NA,NA,NA,NA,NA,NA,NA,NA,"fanduel","15000","0.0",150,NA,"3,000.00",2026-09-24
"Sixth Man","6321","Jaylin","Williams","Jaylin Williams","","https://assets.rotowire.com/images/teamlogo/basketball/100fa.png?v=10","/betting/nba/player/jaylin-williams-odds-6321","15000","0.0",150,"0.4","3,000.00",NA,NA,NA,NA,NA,NA,NA,NA,NA,NA,NA,NA,NA,NA,NA,NA,NA,NA,NA,NA,NA,NA,NA,NA,NA,NA,NA,NA,NA,NA,NA,NA,NA,NA,NA,NA,NA,NA,NA,NA,NA,NA,NA,NA,NA,NA,NA,NA,NA,NA,NA,NA,NA,NA,NA,NA,NA,NA,NA,NA,NA,NA,NA,NA,NA,NA,NA,"fanduel","15000","0.0",150,NA,"3,000.00",2026-09-24
"Sixth Man","3614","Jordan","Clarkson","Jordan Clarkson","NYK","https://assets.rotowire.com/images/teamlogo/basketball/100NYK.png?v=10","/betting/nba/player/jordan-clarkson-odds-3614","25000","0.0",250,"0.2","5,000.00",NA,NA,NA,NA,NA,NA,NA,NA,NA,NA,NA,NA,NA,NA,NA,NA,NA,NA,NA,NA,NA,NA,NA,NA,NA,NA,NA,NA,NA,NA,NA,NA,NA,NA,NA,NA,NA,NA,NA,NA,NA,NA,NA,NA,NA,NA,NA,NA,NA,NA,NA,NA,NA,NA,NA,NA,NA,NA,NA,NA,NA,NA,NA,NA,NA,NA,NA,"fanduel","25000","0.0",250,NA,"5,000.00",2026-09-24
"Sixth Man","6547","Nique","Clifford","Nique Clifford","SAC","https://assets.rotowire.com/images/teamlogo/basketball/100SAC.png?v=10","/betting/nba/player/nique-clifford-odds-6547","25000","0.0",250,"0.2","5,000.00",NA,NA,NA,NA,NA,NA,NA,NA,NA,NA,NA,NA,NA,NA,NA,NA,NA,NA,NA,NA,NA,NA,NA,NA,NA,NA,NA,NA,NA,NA,NA,NA,NA,NA,NA,NA,NA,NA,NA,NA,NA,NA,NA,NA,NA,NA,NA,NA,NA,NA,NA,NA,NA,NA,NA,NA,NA,NA,NA,NA,NA,NA,NA,NA,NA,NA,NA,"fanduel","25000","0.0",250,NA,"5,000.00",2026-09-24
"Sixth Man","5901","Noah","Clowney","Noah Clowney","BKN","https://assets.rotowire.com/images/teamlogo/basketball/100BKN.png?v=10","/betting/nba/player/noah-clowney-odds-5901","25000","0.0",250,"0.2","5,000.00",NA,NA,NA,NA,NA,NA,NA,NA,NA,NA,NA,NA,NA,NA,NA,NA,NA,NA,NA,NA,NA,NA,NA,NA,NA,NA,NA,NA,NA,NA,NA,NA,NA,NA,NA,NA,NA,NA,NA,NA,NA,NA,NA,NA,NA,NA,NA,NA,NA,NA,NA,NA,NA,NA,NA,NA,NA,NA,NA,NA,NA,NA,NA,NA,NA,NA,NA,"fanduel","25000","0.0",250,NA,"5,000.00",2026-09-24
"Sixth Man","5338","Sam","Hauser","Sam Hauser","BOS","https://assets.rotowire.com/images/teamlogo/basketball/100BOS.png?v=10","/betting/nba/player/sam-hauser-odds-5338","25000","0.0",250,"0.2","5,000.00",NA,NA,NA,NA,NA,NA,NA,NA,NA,NA,NA,NA,NA,NA,NA,NA,NA,NA,NA,NA,NA,NA,NA,NA,NA,NA,NA,NA,NA,NA,NA,NA,NA,NA,NA,NA,NA,NA,NA,NA,NA,NA,NA,NA,NA,NA,NA,NA,NA,NA,NA,NA,NA,NA,NA,NA,NA,NA,NA,NA,NA,NA,NA,NA,NA,NA,NA,"fanduel","25000","0.0",250,NA,"5,000.00",2026-09-24
"Sixth Man","3914","Caris","LeVert","Caris LeVert","MIL","https://assets.rotowire.com/images/teamlogo/basketball/100MIL.png?v=10","/betting/nba/player/caris-levert-odds-3914","25000","0.0",250,"0.2","5,000.00",NA,NA,NA,NA,NA,NA,NA,NA,NA,NA,NA,NA,NA,NA,NA,NA,NA,NA,NA,NA,NA,NA,NA,NA,NA,NA,NA,NA,NA,NA,NA,NA,NA,NA,NA,NA,NA,NA,NA,NA,NA,NA,NA,NA,NA,NA,NA,NA,NA,NA,NA,NA,NA,NA,NA,NA,NA,NA,NA,NA,NA,NA,NA,NA,NA,NA,NA,"fanduel","25000","0.0",250,NA,"5,000.00",2026-09-24
"Sixth Man","3356","Khris","Middleton","Khris Middleton","WAS","https://assets.rotowire.com/images/teamlogo/basketball/100WAS.png?v=10","/betting/nba/player/khris-middleton-odds-3356","25000","0.0",250,"0.2","5,000.00",NA,NA,NA,NA,NA,NA,NA,NA,NA,NA,NA,NA,NA,NA,NA,NA,NA,NA,NA,NA,NA,NA,NA,NA,NA,NA,NA,NA,NA,NA,NA,NA,NA,NA,NA,NA,NA,NA,NA,NA,NA,NA,NA,NA,NA,NA,NA,NA,NA,NA,NA,NA,NA,NA,NA,NA,NA,NA,NA,NA,NA,NA,NA,NA,NA,NA,NA,"fanduel","25000","0.0",250,NA,"5,000.00",2026-09-24
"Sixth Man","4791","Jordan","Poole","Jordan Poole","NOP","https://assets.rotowire.com/images/teamlogo/basketball/100NOP.png?v=10","/betting/nba/player/jordan-poole-odds-4791","25000","0.0",250,"0.2","5,000.00",NA,NA,NA,NA,NA,NA,NA,NA,NA,NA,NA,NA,NA,NA,NA,NA,NA,NA,NA,NA,NA,NA,NA,NA,NA,NA,NA,NA,NA,NA,NA,NA,NA,NA,NA,NA,NA,NA,NA,NA,NA,NA,NA,NA,NA,NA,NA,NA,NA,NA,NA,NA,NA,NA,NA,NA,NA,NA,NA,NA,NA,NA,NA,NA,NA,NA,NA,"fanduel","25000","0.0",250,NA,"5,000.00",2026-09-24
"Sixth Man","6552","Maxime","Raynaud","Maxime Raynaud","SAC","https://assets.rotowire.com/images/teamlogo/basketball/100SAC.png?v=10","/betting/nba/player/maxime-raynaud-odds-6552","25000","0.0",250,"0.2","5,000.00",NA,NA,NA,NA,NA,NA,NA,NA,NA,NA,NA,NA,NA,NA,NA,NA,NA,NA,NA,NA,NA,NA,NA,NA,NA,NA,NA,NA,NA,NA,NA,NA,NA,NA,NA,NA,NA,NA,NA,NA,NA,NA,NA,NA,NA,NA,NA,NA,NA,NA,NA,NA,NA,NA,NA,NA,NA,NA,NA,NA,NA,NA,NA,NA,NA,NA,NA,"fanduel","25000","0.0",250,NA,"5,000.00",2026-09-24
"Sixth Man","6249","Zaccharie","Risacher","Zaccharie Risacher","DAL","https://assets.rotowire.com/images/teamlogo/basketball/100DAL.png?v=10","/betting/nba/player/zaccharie-risacher-odds-6249","25000","0.0",250,"0.2","5,000.00",NA,NA,NA,NA,NA,NA,NA,NA,NA,NA,NA,NA,NA,NA,NA,NA,NA,NA,NA,NA,NA,NA,NA,NA,NA,NA,NA,NA,NA,NA,NA,NA,NA,NA,NA,NA,NA,NA,NA,NA,NA,NA,NA,NA,NA,NA,NA,NA,NA,NA,NA,NA,NA,NA,NA,NA,NA,NA,NA,NA,NA,NA,NA,NA,NA,NA,NA,"fanduel","25000","0.0",250,NA,"5,000.00",2026-09-24
"Sixth Man","4389","Moritz","Wagner","Moritz Wagner","BKN","https://assets.rotowire.com/images/teamlogo/basketball/100BKN.png?v=10","/betting/nba/player/moritz-wagner-odds-4389","25000","0.0",250,"0.2","5,000.00",NA,NA,NA,NA,NA,NA,NA,NA,NA,NA,NA,NA,NA,NA,NA,NA,NA,NA,NA,NA,NA,NA,NA,NA,NA,NA,NA,NA,NA,NA,NA,NA,NA,NA,NA,NA,NA,NA,NA,NA,NA,NA,NA,NA,NA,NA,NA,NA,NA,NA,NA,NA,NA,NA,NA,NA,NA,NA,NA,NA,NA,NA,NA,NA,NA,NA,NA,"fanduel","25000","0.0",250,NA,"5,000.00",2026-09-24
"Sixth Man","5424","Jose","Alvarado","Jose Alvarado","NYK","https://assets.rotowire.com/images/teamlogo/basketball/100NYK.png?v=10","/betting/nba/player/jose-alvarado-odds-5424","35000","0.0",350,"0.2","7,000.00",NA,NA,NA,NA,NA,NA,NA,NA,NA,NA,NA,NA,NA,NA,NA,NA,NA,NA,NA,NA,NA,NA,NA,NA,NA,NA,NA,NA,NA,NA,NA,NA,NA,NA,NA,NA,NA,NA,NA,NA,NA,NA,NA,NA,NA,NA,NA,NA,NA,NA,NA,NA,NA,NA,NA,NA,NA,NA,NA,NA,NA,NA,NA,NA,NA,NA,NA,"fanduel","35000","0.0",350,NA,"7,000.00",2026-09-24
"Sixth Man","5111","Tre","Jones","Tre Jones","CHI","https://assets.rotowire.com/images/teamlogo/basketball/100CHI.png?v=10","/betting/nba/player/tre-jones-odds-5111","35000","0.0",350,"0.2","7,000.00",NA,NA,NA,NA,NA,NA,NA,NA,NA,NA,NA,NA,NA,NA,NA,NA,NA,NA,NA,NA,NA,NA,NA,NA,NA,NA,NA,NA,NA,NA,NA,NA,NA,NA,NA,NA,NA,NA,NA,NA,NA,NA,NA,NA,NA,NA,NA,NA,NA,NA,NA,NA,NA,NA,NA,NA,NA,NA,NA,NA,NA,NA,NA,NA,NA,NA,NA,"fanduel","35000","0.0",350,NA,"7,000.00",2026-09-24
"Sixth Man","6259","Cody","Williams","Cody Williams","MIN","https://assets.rotowire.com/images/teamlogo/basketball/100MIN.png?v=10","/betting/nba/player/cody-williams-odds-6259","35000","0.0",350,"0.2","7,000.00",NA,NA,NA,NA,NA,NA,NA,NA,NA,NA,NA,NA,NA,NA,NA,NA,NA,NA,NA,NA,NA,NA,NA,NA,NA,NA,NA,NA,NA,NA,NA,NA,NA,NA,NA,NA,NA,NA,NA,NA,NA,NA,NA,NA,NA,NA,NA,NA,NA,NA,NA,NA,NA,NA,NA,NA,NA,NA,NA,NA,NA,NA,NA,NA,NA,NA,NA,"fanduel","35000","0.0",350,NA,"7,000.00",2026-09-24
"Sixth Man","3300","Andre","Drummond","Andre Drummond","NYK","https://assets.rotowire.com/images/teamlogo/basketball/100NYK.png?v=10","/betting/nba/player/andre-drummond-odds-3300","50000","0.0",500,"0.1","10,000.00",NA,NA,NA,NA,NA,NA,NA,NA,NA,NA,NA,NA,NA,NA,NA,NA,NA,NA,NA,NA,NA,NA,NA,NA,NA,NA,NA,NA,NA,NA,NA,NA,NA,NA,NA,NA,NA,NA,NA,NA,NA,NA,NA,NA,NA,NA,NA,NA,NA,NA,NA,NA,NA,NA,NA,NA,NA,NA,NA,NA,NA,NA,NA,NA,NA,NA,NA,"fanduel","50000","0.0",500,NA,"10,000.00",2026-09-24
"Sixth Man","6567","Ryan","Kalkbrenner","Ryan Kalkbrenner","CHA","https://assets.rotowire.com/images/teamlogo/basketball/100CHA.png?v=10","/betting/nba/player/ryan-kalkbrenner-odds-6567","50000","0.0",500,"0.1","10,000.00",NA,NA,NA,NA,NA,NA,NA,NA,NA,NA,NA,NA,NA,NA,NA,NA,NA,NA,NA,NA,NA,NA,NA,NA,NA,NA,NA,NA,NA,NA,NA,NA,NA,NA,NA,NA,NA,NA,NA,NA,NA,NA,NA,NA,NA,NA,NA,NA,NA,NA,NA,NA,NA,NA,NA,NA,NA,NA,NA,NA,NA,NA,NA,NA,NA,NA,NA,"fanduel","50000","0.0",500,NA,"10,000.00",2026-09-24
"Sixth Man","6018","Jordan","Miller","Jordan Miller","LAC","https://assets.rotowire.com/images/teamlogo/basketball/100LAC.png?v=10","/betting/nba/player/jordan-miller-odds-6018","50000","0.0",500,"0.1","10,000.00",NA,NA,NA,NA,NA,NA,NA,NA,NA,NA,NA,NA,NA,NA,NA,NA,NA,NA,NA,NA,NA,NA,NA,NA,NA,NA,NA,NA,NA,NA,NA,NA,NA,NA,NA,NA,NA,NA,NA,NA,NA,NA,NA,NA,NA,NA,NA,NA,NA,NA,NA,NA,NA,NA,NA,NA,NA,NA,NA,NA,NA,NA,NA,NA,NA,NA,NA,"fanduel","50000","0.0",500,NA,"10,000.00",2026-09-24
"Sixth Man","5122","Patrick","Williams","Patrick Williams","CHI","https://assets.rotowire.com/images/teamlogo/basketball/100CHI.png?v=10","/betting/nba/player/patrick-williams-odds-5122","50000","0.0",500,"0.1","10,000.00",NA,NA,NA,NA,NA,NA,NA,NA,NA,NA,NA,NA,NA,NA,NA,NA,NA,NA,NA,NA,NA,NA,NA,NA,NA,NA,NA,NA,NA,NA,NA,NA,NA,NA,NA,NA,NA,NA,NA,NA,NA,NA,NA,NA,NA,NA,NA,NA,NA,NA,NA,NA,NA,NA,NA,NA,NA,NA,NA,NA,NA,NA,NA,NA,NA,NA,NA,"fanduel","50000","0.0",500,NA,"10,000.00",2026-09-24
